Model_Type,RMSE,R2
LinearRegression,7529.813526064228,3.497925155993009E-5
GBTRegressor,7529.786017965478,4.228543150641695E-5
