Model_Type,RMSE,R2
LinearRegression,7532.850772046736,2.822603521643874E-4
GBTRegressor,7533.4815237826615,1.1483367165188163E-4
