Model_Type,RMSE,R2
LinearRegression,0.09188620271719541,-9.940161445953777E-6
GBTRegressor,0.09188650415423766,-1.6501332201324104E-5
