Model_Type,RMSE,R2
LinearRegression,0.0918970521404052,-1.5970404794174442E-6
GBTRegressor,0.09189212113168939,1.0571617973409442E-4
