Model_Type,RMSE,R2
LinearRegression,0.09180878420126459,-6.045444431723723E-7
GBTRegressor,0.09180633131218793,5.282951011942316E-5
