avgRMSE,maxDepth,maxIter,stepSize
0.09179831263647664,3,10,0.1
0.09179706182638936,3,10,0.05
0.09181078336290709,5,10,0.1
0.09180744923959076,5,10,0.05
