avgRMSE,maxDepth,maxIter,stepSize
0.09183266370256916,3,10,0.1
0.09183119706100872,3,10,0.05
0.09184358089032367,5,10,0.1
0.09183950652744916,5,10,0.05
