avgRMSE,maxDepth,maxIter,stepSize
7527.819304468383,3,10,0.1
7527.787338453773,3,10,0.05
7528.78280353429,5,10,0.1
7528.541993867954,5,10,0.05
