avgRMSE,maxDepth,maxIter,stepSize
0.09186359365481371,3,10,0.1
0.0918630135020731,3,10,0.05
0.09187841433650089,5,10,0.1
0.09187310877579592,5,10,0.05
